<TLOGConf>
	<PriorityHigh>NULL</PriorityHigh>
	<PriorityLow>UNKNOWN</PriorityLow>
	<DelayInit>0</DelayInit>
	<SuppressError>1</SuppressError>
	<Count>3</Count>
	<CategoryList>
		<Name>GadService</Name>
	<PriorityHigh>NULL</PriorityHigh>
	<PriorityLow>UNKNOWN</PriorityLow>
		<LevelDispatch>1</LevelDispatch>				
		<MustSucc>0</MustSucc>
		<Format>%m%n</Format>
		<ForwardCat></ForwardCat>
		<Device>
			<Type>NET</Type>
			<Device>
				<Net>
					<Url>udp://shanghai.nanhui3.tglog.datacenter.db:38080</Url>
					<Sendbuff>0</Sendbuff>
					<RecvBuff>32768</RecvBuff>
					<AutoReconnect>10</AutoReconnect>
					<iMaxRetry>20</iMaxRetry>                 
					<iConnTimeout>1000</iConnTimeout>                     
					<iSendTimeout>1000</iSendTimeout>  
				</Net>
			</Device>
		</Device>
	</CategoryList>
</TLOGConf>
